line,from_id,to_id,edge_label,length_km_est,conductor_type,r_ohm,x_ohm,r0_ohm,x0_ohm,c1_uF,c0_uF
松坪线,SOURCE,SP-0001,SOURCE -> 2,0.526,干线(正序R1=0.13欧姆/km),0.0684,0.2015,0.1328,0.7581,0.005679,0.003786
松坪线,SP-0001,SP-0002,2 -> 27,6.573,干线(正序R1=0.13欧姆/km),0.8545,2.5192,1.6596,9.4758,0.070986,0.047324
松坪线,SP-0002,SP-0003,27 -> 27.3,0.526,支线(正序R1=0.16欧姆/km),0.0841,0.2114,0.1328,0.7581,0.005679,0.003786
松坪线,SP-0003,SP-0004,27.3 -> 27.3.57,0.526,支线(正序R1=0.16欧姆/km),0.0841,0.2114,0.1328,0.7581,0.005679,0.003786
松坪线,SP-0004,SP-0005,27.3.57 -> 27.3.84,7.099,支线(正序R1=0.16欧姆/km),1.1358,2.8545,1.7924,10.2338,0.076665,0.05111
松坪线,SP-0005,SP-0006,27.3.84 -> 27.3.88,1.052,支线(正序R1=0.16欧姆/km),0.1683,0.4229,0.2655,1.5161,0.011358,0.007572
松坪线,SP-0006,SP-0007,27.3.88 -> 27.3.88.2.2.1,0.526,支线(正序R1=0.16欧姆/km),0.0841,0.2114,0.1328,0.7581,0.005679,0.003786
松坪线,SP-0007,SP-0008,27.3.88.2.2.1 -> 27.3.88.2.2.9,2.103,支线(正序R1=0.16欧姆/km),0.3365,0.8458,0.5311,3.0322,0.022715,0.015144
松坪线,SP-0006,SP-0009,27.3.88 -> 27.3.106,4.732,支线(正序R1=0.16欧姆/km),0.7572,1.903,1.1949,6.8226,0.05111,0.034073
松坪线,SP-0009,SP-0010,27.3.106 -> 27.3.115,2.366,支线(正序R1=0.16欧姆/km),0.3786,0.9515,0.5975,3.4113,0.025555,0.017037
松坪线,SP-0010,SP-0011,27.3.115 -> 27.3.129,3.681,支线(正序R1=0.16欧姆/km),0.5889,1.4801,0.9294,5.3064,0.039752,0.026501
松坪线,SP-0011,SP-0012,27.3.129 -> 27.3.146,4.469,支线(正序R1=0.16欧姆/km),0.7151,1.7973,1.1285,6.4435,0.04827,0.03218
松坪线,SP-0003,SP-0013,27.3 -> 27.6.2,0.526,支线(正序R1=0.16欧姆/km),0.0841,0.2114,0.1328,0.7581,0.005679,0.003786
松坪线,SP-0002,SP-0014,27 -> 33,1.577,干线(正序R1=0.13欧姆/km),0.2051,0.6046,0.3983,2.2742,0.017037,0.011358
松坪线,SP-0014,SP-0015,33 -> 45,3.155,干线(正序R1=0.13欧姆/km),0.4101,1.2092,0.7966,4.5484,0.034073,0.022715
松坪线,SP-0015,SP-0016,45 -> 51+1,1.604,干线(正序R1=0.13欧姆/km),0.2085,0.6147,0.4049,2.3121,0.017321,0.011547
松坪线,SP-0016,SP-0017,51+1 -> 66+1,3.944,干线(正序R1=0.13欧姆/km),0.5127,1.5115,0.9958,5.6855,0.042591,0.028394
松坪线,SP-0017,SP-0018,66+1 -> 74.3,0.526,支线(正序R1=0.16欧姆/km),0.0841,0.2114,0.1328,0.7581,0.005679,0.003786
松坪线,SP-0017,SP-0019,66+1 -> 115,12.856,干线(正序R1=0.13欧姆/km),1.6713,4.9275,3.2462,18.5346,0.138848,0.092565
火龙线,SOURCE,HL-0001,SOURCE -> 3,1.075,干线(正序R1=0.13欧姆/km),0.1398,0.4121,0.2715,1.5502,0.011613,0.007742
火龙线,HL-0001,HL-0002,3 -> 7,2.151,干线(正序R1=0.13欧姆/km),0.2796,0.8243,0.543,3.1005,0.023226,0.015484
火龙线,HL-0002,HL-0003,7 -> 13,3.226,干线(正序R1=0.13欧姆/km),0.4194,1.2364,0.8145,4.6507,0.03484,0.023226
火龙线,HL-0003,HL-0004,13 -> 18,2.688,干线(正序R1=0.13欧姆/km),0.3495,1.0303,0.6788,3.8756,0.029033,0.019355
火龙线,HL-0004,HL-0005,18 -> 18.25,1.075,支线(正序R1=0.16欧姆/km),0.172,0.4324,0.2715,1.5502,0.011613,0.007742
火龙线,HL-0005,HL-0006,18.25 -> 18.35,5.377,支线(正序R1=0.16欧姆/km),0.8602,2.162,1.3576,7.7512,0.058066,0.038711
火龙线,HL-0004,HL-0007,18 -> 19,0.538,干线(正序R1=0.13欧姆/km),0.0699,0.2061,0.1358,0.7751,0.005807,0.003871
火龙线,HL-0007,HL-0008,19 -> 22,1.613,干线(正序R1=0.13欧姆/km),0.2097,0.6182,0.4073,2.3254,0.01742,0.011613
火龙线,HL-0008,HL-0009,22 -> 25,1.613,干线(正序R1=0.13欧姆/km),0.2097,0.6182,0.4073,2.3254,0.01742,0.011613
火龙线,HL-0009,HL-0010,25 -> 32,3.764,干线(正序R1=0.13欧姆/km),0.4893,1.4425,0.9503,5.4258,0.040646,0.027098
火龙线,HL-0010,HL-0011,32 -> 40,4.301,干线(正序R1=0.13欧姆/km),0.5592,1.6485,1.0861,6.2009,0.046453,0.030969
火龙线,HL-0011,HL-0012,40 -> 45,2.688,干线(正序R1=0.13欧姆/km),0.3495,1.0303,0.6788,3.8756,0.029033,0.019355
火龙线,HL-0012,HL-0013,45 -> 64,10.215,干线(正序R1=0.13欧姆/km),1.328,3.9153,2.5794,14.7272,0.110326,0.073551
火龙线,HL-0013,HL-0014,64 -> 67,1.613,干线(正序R1=0.13欧姆/km),0.2097,0.6182,0.4073,2.3254,0.01742,0.011613
火龙线,HL-0014,HL-0015,67 -> 67.7,1.075,支线(正序R1=0.16欧姆/km),0.172,0.4324,0.2715,1.5502,0.011613,0.007742
火龙线,HL-0014,HL-0016,67 -> 71,2.151,干线(正序R1=0.13欧姆/km),0.2796,0.8243,0.543,3.1005,0.023226,0.015484
火龙线,HL-0016,HL-0017,71 -> 80,4.839,干线(正序R1=0.13欧姆/km),0.6291,1.8546,1.2218,6.9761,0.05226,0.03484
火龙线,HL-0017,HL-0018,80 -> 81,0.538,干线(正序R1=0.13欧姆/km),0.0699,0.2061,0.1358,0.7751,0.005807,0.003871
火龙线,HL-0018,HL-0019,81 -> 82,0.538,干线(正序R1=0.13欧姆/km),0.0699,0.2061,0.1358,0.7751,0.005807,0.003871
火龙线,HL-0019,HL-0020,82 -> 85,1.613,干线(正序R1=0.13欧姆/km),0.2097,0.6182,0.4073,2.3254,0.01742,0.011613
火龙线,HL-0020,HL-0021,85 -> 90,2.688,干线(正序R1=0.13欧姆/km),0.3495,1.0303,0.6788,3.8756,0.029033,0.019355
火龙线,HL-0021,HL-0022,90 -> 96,3.226,干线(正序R1=0.13欧姆/km),0.4194,1.2364,0.8145,4.6507,0.03484,0.023226
火龙线,HL-0022,HL-0023,96 -> 100,2.151,干线(正序R1=0.13欧姆/km),0.2796,0.8243,0.543,3.1005,0.023226,0.015484
火龙线,HL-0023,HL-0024,100 -> 108,4.301,干线(正序R1=0.13欧姆/km),0.5592,1.6485,1.0861,6.2009,0.046453,0.030969
火龙线,HL-0024,HL-0025,108 -> 114.19,1.075,支线(正序R1=0.16欧姆/km),0.172,0.4324,0.2715,1.5502,0.011613,0.007742
