line,fault_node,fault_type,fault_R,monitor_node,Ia_base,Ib_base,Ic_base,Va_base,Vb_base,Vc_base,Ia_fault,Ib_fault,Ic_fault,Va_fault,Vb_fault,Vc_fault
SP,SP-0001,4,1,SP-0001,302.364044446704,354.069957528813,309.568696548171,5536.1264992674,5890.18759177985,5233.88701113753,3168.70852736201,3062.0823997318,278.071075489096,5436.32763771387,2132.3272942731,5776.35359888365
SP,SP-0001,4,1,SP-0002,247.19954753375,292.743224747435,256.969315053949,4838.04026215551,5142.48629391552,4532.79839241078,204.852388867652,137.997028536544,234.345500077729,4776.27396926615,1786.2707518842,4974.77559246369
SP,SP-0001,4,5,SP-0001,302.364044446704,354.069957528813,309.568696548171,5536.1264992674,5890.18759177985,5233.88701113753,1128.67292953009,1137.96845064451,284.091508715877,5989.08259761905,4341.87321258067,5774.63100461234
SP,SP-0001,4,5,SP-0002,247.19954753375,292.743224747435,256.969315053949,4838.04026215551,5142.48629391552,4532.79839241078,245.962671981988,227.79987078431,239.31137387255,5298.30430473727,3760.61569894025,4960.08788479921
SP,SP-0001,5,1,SP-0001,302.364044446704,354.069957528813,309.568696548171,5536.1264992674,5890.18759177985,5233.88701113753,316.88626558649,2821.52101733604,2663.35689525309,5743.47195910335,4861.49375218196,2507.88361936973
SP,SP-0001,5,1,SP-0002,247.19954753375,292.743224747435,256.969315053949,4838.04026215551,5142.48629391552,4532.79839241078,256.012114095858,238.303831209111,101.708591509512,5084.14148445748,4301.17331696666,2152.89569416334
SP,SP-0001,5,5,SP-0001,302.364044446704,354.069957528813,309.568696548171,5536.1264992674,5890.18759177985,5233.88701113753,302.004106741601,1071.70189634955,1058.15500416204,5741.46397466451,5247.58744864113,4833.06425862675
SP,SP-0001,5,5,SP-0002,247.19954753375,292.743224747435,256.969315053949,4838.04026215551,5142.48629391552,4532.79839241078,243.563887540079,263.865092820778,199.641365534742,5100.42384475822,4584.32088257737,4147.20625264609
SP,SP-0001,6,1,SP-0001,302.364044446704,354.069957528813,309.568696548171,5536.1264992674,5890.18759177985,5233.88701113753,3010.73990711535,311.377241720448,3105.76885239402,2551.16296296971,5117.01914988581,4926.9414140751
SP,SP-0001,6,1,SP-0002,247.19954753375,292.743224747435,256.969315053949,4838.04026215551,5142.48629391552,4532.79839241078,100.273297005736,251.725683164008,188.920272777695,2330.43246714072,4443.21591937393,4299.76040608524
SP,SP-0001,6,5,SP-0001,302.364044446704,354.069957528813,309.568696548171,5536.1264992674,5890.18759177985,5233.88701113753,1172.29466209029,317.815547907705,1146.91328493252,4949.65504265835,5116.17415117581,5778.79557692546
SP,SP-0001,6,5,SP-0002,247.19954753375,292.743224747435,256.969315053949,4838.04026215551,5142.48629391552,4532.79839241078,198.686127369332,257.122353059538,234.494916684431,4405.00821436295,4432.18296004464,4973.22767702779
SP,SP-0001,10,1,SP-0001,302.364044446704,354.069957528813,309.568696548171,5536.1264992674,5890.18759177985,5233.88701113753,3692.30438756288,3334.44122950551,3260.77897941518,3555.3067687501,3130.25124585215,3149.93568689082
SP,SP-0001,10,1,SP-0002,247.19954753375,292.743224747435,256.969315053949,4838.04026215551,5142.48629391552,4532.79839241078,120.573119991524,165.262125243878,118.579683861488,3190.78819691121,2735.1115652104,2756.30461252145
SP,SP-0001,10,5,SP-0001,302.364044446704,354.069957528813,309.568696548171,5536.1264992674,5890.18759177985,5233.88701113753,1344.32533290709,1234.62494398444,1263.28960452497,5405.67978153696,4716.55803680302,5170.19951866064
SP,SP-0001,10,5,SP-0002,247.19954753375,292.743224747435,256.969315053949,4838.04026215551,5142.48629391552,4532.79839241078,217.277840700661,242.607800306304,210.111459518972,4799.91478575823,4108.13606392398,4444.23889178078
SP,SP-0002,4,5,SP-0001,302.364044446704,354.069957528813,309.568696548171,5536.1264992674,5890.18759177985,5233.88701113753,771.61604010344,740.700797370946,280.272933371877,5702.36351814911,4624.32087279878,5777.04789110843
SP,SP-0002,4,5,SP-0002,247.19954753375,292.743224747435,256.969315053949,4838.04026215551,5142.48629391552,4532.79839241078,713.811155424171,691.046999663459,235.842732280619,4478.50325202538,2625.0881646114,4972.57141068293
SP,SP-0002,5,1,SP-0001,302.364044446704,354.069957528813,309.568696548171,5536.1264992674,5890.18759177985,5233.88701113753,323.43772244413,1087.23256939279,932.041034869824,5731.44333789112,4730.3178129181,4791.12969174022
SP,SP-0002,5,1,SP-0002,247.19954753375,292.743224747435,256.969315053949,4838.04026215551,5142.48629391552,4532.79839241078,263.17617524377,1028.80811424911,911.977161538454,5041.38743374715,3112.04936592517,2168.38357141669
SP,SP-0002,5,5,SP-0001,302.364044446704,354.069957528813,309.568696548171,5536.1264992674,5890.18759177985,5233.88701113753,310.924832945175,721.197492772265,648.704018208372,5738.79592884309,5027.01900380661,5235.89989210497
SP,SP-0002,5,5,SP-0002,247.19954753375,292.743224747435,256.969315053949,4838.04026215551,5142.48629391552,4532.79839241078,251.798940749834,661.741401437519,614.856554191122,5080.10774937066,3920.87087373745,3062.54582622098
SP,SP-0002,6,5,SP-0001,302.364044446704,354.069957528813,309.568696548171,5536.1264992674,5890.18759177985,5233.88701113753,723.347161176579,313.609209528729,735.883284909056,5243.40183355904,5118.17621162979,5641.7571199147
SP,SP-0002,6,5,SP-0002,247.19954753375,292.743224747435,256.969315053949,4838.04026215551,5142.48629391552,4532.79839241078,682.531404171495,253.289930175205,693.99291536176,3136.29279230942,4443.16251728068,4096.84797214887
SP,SP-0002,10,1,SP-0001,302.364044446704,354.069957528813,309.568696548171,5536.1264992674,5890.18759177985,5233.88701113753,1339.78311486829,1227.80550754192,1171.49353528209,4833.74122589577,4224.05642652647,4772.52655156718
SP,SP-0002,10,1,SP-0002,247.19954753375,292.743224747435,256.969315053949,4838.04026215551,5142.48629391552,4532.79839241078,1300.02968401037,1178.1439007653,1140.71476643811,1274.56842148737,1077.99001930996,1136.36159684895
SP,SP-0002,10,5,SP-0001,302.364044446704,354.069957528813,309.568696548171,5536.1264992674,5890.18759177985,5233.88701113753,868.520651584198,811.546042652023,773.524596746233,5387.86972242713,4732.41318676159,5326.09353224734
SP,SP-0002,10,5,SP-0002,247.19954753375,292.743224747435,256.969315053949,4838.04026215551,5142.48629391552,4532.79839241078,817.00738096215,754.043995268305,733.999355934639,3354.80456093392,2847.55099410998,3070.38653034517
